Company,Job_Title,Location,Summary,Salary
,Northrop Grumman,,,
,Deloitte,,,
,red violet,,,
,Seen by Indeed,,,
,Procter & Gamble,,,
,Getronics,"Atlanta, GA",,$50 - $55 an hour
,InspiHER Tech,"Chicago, IL",,"$100,000 - $140,000 a year"
,Berkley,"Chesterfield, MO 63017",,
,Proofpoint,"Sunnyvale, CA 94085",,
,Internet of Things LLC,"Pennsylvania Avenue Hights, DC",,
,Pacific Data Integrators,"San Francisco, CA",,
,Essani International LLC,Remote,,
,Abercrombie and Fitch Co.,"Columbus, OH",,
,Microsoft,"Redmond, WA",,
,Bayer,"Chesterfield, MO",,
,"Dedicated Tech Services, Inc.",,,$38 - $47 an hour
,ClearOne Advantage,,,"$70,000 - $80,000 a year"
,Seen by Indeed,,,
,Northrop Grumman,,,
,Deloitte,,,
,ClearOne Advantage,,,"$70,000 - $80,000 a year"
,Microsoft,"Redmond, WA",,
,Microsoft,"Cambridge, MA",,
,CBL Solutions INC,"Cambridge, MA",,"$103,204 - $171,025 a year"
,Smartlocating Corporation,United States,,
,Uber,"San Francisco, CA 94103 (South Of Market area)",,
,HMS,Texas,,
,Intuit,"San Diego, CA 92112",,
,Motorola Solutions,"Champaign, IL",,
,Vanda Pharmaceuticals,"Washington, DC 20037 (Foggy Bottom area)",,
,Dolphin,"New York, NY 10014 (SoHo area)",,$25 an hour
,"Dedicated Tech Services, Inc.",,,$38 - $47 an hour
,"Metron, Inc.",,,
,HersheyCareers,,,
,ClearOne Advantage,,,"$70,000 - $80,000 a year"
,Northrop Grumman,,,
,Deloitte,,,
,Seen by Indeed,,,
,Concentric Corp.,"Omaha, NE 68137",,
,Biogen,"Cambridge, MA 02142 (East Cambridge area)",,
,Bayer,"Creve Coeur, MO 63141",,
,HP,"Vancouver, WA 98683 (Bella Vista area)",,
,Degreed,Remote,,
,Savari,"Santa Clara, CA 95050",,
,Henkel,"Stamford, CT",,
,Insights Analytics,"Palm Beach, FL 33480",,
,N9-IT solutions,"Ellicott City, MD",,
,"Xyant Technology, Inc.","Bellevue, WA 98004 (Downtown area)",,
,"Dedicated Tech Services, Inc.",,,$38 - $47 an hour
,HersheyCareers,,,
,Ace-stack LLC,"Chandler, AZ",,$65 an hour
,Source Enterprises,"New York, NY",,
,HBO Max,"Burbank, CA",,
,xiartech,"Charlotte, NC",,
,Intuit,"Mountain View, CA 94041",,
,Snapchat,"Los Angeles, CA",,
,Global Software Resources,United States,,
,HG Insights,"Santa Barbara, CA",,
,Google,"Mountain View, CA",,
,Domino's,"Ann Arbor, MI 48106",,
,HersheyCareers,,,
,"Dedicated Tech Services, Inc.",,,$38 - $47 an hour
,ClearOne Advantage,,,"$70,000 - $80,000 a year"
,Northrop Grumman,,,
,Deloitte,,,
,Seen by Indeed,,,
,ClearOne Advantage,,,"$70,000 - $80,000 a year"
,Northrop Grumman,,,
,Deloitte,,,
,Seen by Indeed,,,
,"Simplex info systems inc.,","Redmond, WA",,
,kraken,Remote,,
,Dyno Therapeutics,"Cambridge, MA",,
,AWM SMART SHELF,United States,,
,Ars Quanta,"Seattle, WA",,
,Stitch Fix,"San Francisco, CA",,
,Facebook,"Menlo Park, CA",,
,Starbucks,"Seattle, WA 98134 (Industrial District area)",,
,NextEra Energy,"Juno Beach, FL 33408",,
,tiag,United States,,
,"Dedicated Tech Services, Inc.",,,$38 - $47 an hour
,Bridgestone Commercial Solutions (BCS),,,
,ClearOne Advantage,,,"$70,000 - $80,000 a year"
,Northrop Grumman,,,
,Deloitte,,,
,"Dedicated Tech Services, Inc.",,,$38 - $47 an hour
,Getronics,"Atlanta, GA",,$50 - $55 an hour
,InspiHER Tech,"Chicago, IL",,"$100,000 - $140,000 a year"
,Berkley,"Chesterfield, MO 63017",,
,Proofpoint,"Sunnyvale, CA 94085",,
,Internet of Things LLC,"Pennsylvania Avenue Hights, DC",,
,Pacific Data Integrators,"San Francisco, CA",,
,Essani International LLC,Remote,,
,Abercrombie and Fitch Co.,"Columbus, OH",,
,Microsoft,"Redmond, WA",,
,Bayer,"Chesterfield, MO",,
,Seen by Indeed,,,
,red violet,,,
,"Metron, Inc.",,,
,Procter & Gamble,,,
,"Dedicated Tech Services, Inc.",,,$38 - $47 an hour
,Northrop Grumman,,,
,Deloitte,,,
,ClearOne Advantage,,,"$70,000 - $80,000 a year"
,Getronics,"Atlanta, GA",,$50 - $55 an hour
,InspiHER Tech,"Chicago, IL",,"$100,000 - $140,000 a year"
,Berkley,"Chesterfield, MO 63017",,
,Proofpoint,"Sunnyvale, CA 94085",,
,Internet of Things LLC,"Pennsylvania Avenue Hights, DC",,
,Pacific Data Integrators,"San Francisco, CA",,
,Essani International LLC,Remote,,
,Abercrombie and Fitch Co.,"Columbus, OH",,
,Microsoft,"Redmond, WA",,
,Bayer,"Chesterfield, MO",,
,Seen by Indeed,,,
,red violet,,,
,Procter & Gamble,,,
